probe_image,true_identity,predicted_identity,top1_similarity,true_identity_similarity,rank_of_true_identity,correct
dataset/person_022/img_02.jpg,person_022,person_022,0.3613906,0.3613906,1,True
dataset/person_022/img_03.jpg,person_022,person_022,0.38922498,0.38922498,1,True
dataset/person_022/img_04.jpg,person_022,person_1563,0.26629582,0.24930245,2,False
dataset/person_022/img_05.jpg,person_022,person_022,0.415771,0.415771,1,True
dataset/person_034/img_02.jpg,person_034,person_034,0.3392747,0.3392747,1,True
dataset/person_034/img_03.jpg,person_034,person_034,0.5917336,0.5917336,1,True
dataset/person_034/img_04.jpg,person_034,person_034,0.54037225,0.54037225,1,True
dataset/person_034/img_05.jpg,person_034,person_034,0.35662067,0.35662067,1,True
dataset/person_040/img_02.jpg,person_040,person_040,0.4270252,0.4270252,1,True
dataset/person_040/img_03.jpg,person_040,person_744,0.4274418,0.10714366,17,False
dataset/person_040/img_04.jpg,person_040,person_040,0.42430586,0.42430586,1,True
dataset/person_043/img_02.jpg,person_043,person_1588,0.42046183,0.38548857,2,False
dataset/person_043/img_03.jpg,person_043,person_1438,0.2678701,-0.07986987,95,False
dataset/person_043/img_04.jpg,person_043,person_1490,0.391437,0.29969326,3,False
dataset/person_043/img_05.jpg,person_043,person_043,0.37478694,0.37478694,1,True
dataset/person_043/img_06.jpg,person_043,person_1653,0.35896075,0.3250891,3,False
dataset/person_043/img_07.jpg,person_043,person_474,0.48565698,0.42255926,2,False
dataset/person_043/img_08.jpg,person_043,person_1588,0.36099994,0.19798836,4,False
dataset/person_043/img_09.jpg,person_043,person_1653,0.4345058,0.29943502,3,False
dataset/person_043/img_10.jpg,person_043,person_1192,0.2861399,0.27313367,2,False
dataset/person_043/img_11.jpg,person_043,person_043,0.44291288,0.44291288,1,True
dataset/person_043/img_12.jpg,person_043,person_043,0.48340088,0.48340088,1,True
dataset/person_043/img_13.jpg,person_043,person_043,0.48165148,0.48165148,1,True
dataset/person_043/img_14.jpg,person_043,person_1588,0.37425822,0.32014662,2,False
dataset/person_043/img_15.jpg,person_043,person_043,0.37250116,0.37250116,1,True
dataset/person_043/img_16.jpg,person_043,person_043,0.6018234,0.6018234,1,True
dataset/person_043/img_17.jpg,person_043,person_710,0.339317,0.30877173,2,False
dataset/person_043/img_18.jpg,person_043,person_043,0.3024875,0.3024875,1,True
dataset/person_043/img_19.jpg,person_043,person_1653,0.467096,0.22273019,7,False
dataset/person_043/img_20.jpg,person_043,person_043,0.48144194,0.48144194,1,True
dataset/person_043/img_21.jpg,person_043,person_040,0.3515234,0.22106963,8,False
dataset/person_043/img_22.jpg,person_043,person_043,0.29852495,0.29852495,1,True
dataset/person_043/img_23.jpg,person_043,person_043,0.3108561,0.3108561,1,True
dataset/person_043/img_24.jpg,person_043,person_474,0.4524473,0.42917025,2,False
dataset/person_043/img_25.jpg,person_043,person_043,0.47609204,0.47609204,1,True
dataset/person_043/img_26.jpg,person_043,person_043,0.38562578,0.38562578,1,True
dataset/person_043/img_27.jpg,person_043,person_043,0.46447802,0.46447802,1,True
dataset/person_043/img_28.jpg,person_043,person_043,0.41459668,0.41459668,1,True
dataset/person_043/img_29.jpg,person_043,person_474,0.5231797,0.47884095,2,False
dataset/person_043/img_30.jpg,person_043,person_1309,0.2977396,0.2272202,3,False
dataset/person_043/img_31.jpg,person_043,person_043,0.5028955,0.5028955,1,True
dataset/person_043/img_32.jpg,person_043,person_043,0.3559685,0.3559685,1,True
dataset/person_043/img_33.jpg,person_043,person_1490,0.37690148,0.3740667,2,False
dataset/person_043/img_34.jpg,person_043,person_1588,0.335788,0.23152873,5,False
dataset/person_043/img_35.jpg,person_043,person_474,0.263344,0.17537084,12,False
dataset/person_043/img_36.jpg,person_043,person_043,0.32298774,0.32298774,1,True
dataset/person_043/img_37.jpg,person_043,person_1653,0.37335604,0.30253935,2,False
dataset/person_043/img_38.jpg,person_043,person_043,0.49134746,0.49134746,1,True
dataset/person_043/img_39.jpg,person_043,person_1588,0.35044888,0.27664343,4,False
dataset/person_049/img_02.jpg,person_049,person_049,0.5129324,0.5129324,1,True
dataset/person_049/img_03.jpg,person_049,person_049,0.3324554,0.3324554,1,True
dataset/person_049/img_04.jpg,person_049,person_1680,0.2729448,0.21298668,2,False
dataset/person_064/img_02.jpg,person_064,person_924,0.3664842,0.11788778,20,False
dataset/person_064/img_03.jpg,person_064,person_354,0.4162876,0.15645716,10,False
dataset/person_064/img_04.jpg,person_064,person_1490,0.26760173,0.13871759,14,False
dataset/person_065/img_02.jpg,person_065,person_064,0.4173532,0.22424892,4,False
dataset/person_065/img_03.jpg,person_065,person_1572,0.45659298,0.424694,2,False
dataset/person_065/img_04.jpg,person_065,person_065,0.5136087,0.5136087,1,True
dataset/person_065/img_05.jpg,person_065,person_065,0.30016887,0.30016887,1,True
dataset/person_065/img_06.jpg,person_065,person_065,0.29870307,0.29870307,1,True
dataset/person_065/img_07.jpg,person_065,person_065,0.40881312,0.40881312,1,True
dataset/person_065/img_08.jpg,person_065,person_065,0.41214097,0.41214097,1,True
dataset/person_065/img_09.jpg,person_065,person_1572,0.36798242,0.30028248,2,False
dataset/person_065/img_10.jpg,person_065,person_065,0.4026652,0.4026652,1,True
dataset/person_065/img_11.jpg,person_065,person_065,0.50936043,0.50936043,1,True
dataset/person_065/img_12.jpg,person_065,person_844,0.23495781,-0.12264155,111,False
dataset/person_065/img_13.jpg,person_065,person_065,0.3935818,0.3935818,1,True
dataset/person_065/img_14.jpg,person_065,person_1601,0.28810593,0.15195757,11,False
dataset/person_065/img_15.jpg,person_065,person_1420,0.36729634,0.15435195,9,False
dataset/person_065/img_16.jpg,person_065,person_1601,0.42116272,0.055890787,37,False
dataset/person_065/img_17.jpg,person_065,person_065,0.43804523,0.43804523,1,True
dataset/person_065/img_18.jpg,person_065,person_804,0.28996193,0.19116268,6,False
dataset/person_065/img_19.jpg,person_065,person_1572,0.34502965,0.29186225,3,False
dataset/person_065/img_20.jpg,person_065,person_065,0.36367399,0.36367399,1,True
dataset/person_065/img_21.jpg,person_065,person_065,0.43666747,0.43666747,1,True
dataset/person_065/img_22.jpg,person_065,person_1490,0.34027335,0.32942218,2,False
dataset/person_065/img_23.jpg,person_065,person_065,0.34887695,0.34887695,1,True
dataset/person_065/img_24.jpg,person_065,person_065,0.31049877,0.31049877,1,True
dataset/person_065/img_25.jpg,person_065,person_1572,0.3081028,0.19760501,7,False
dataset/person_065/img_26.jpg,person_065,person_065,0.5143738,0.5143738,1,True
dataset/person_065/img_27.jpg,person_065,person_065,0.43749243,0.43749243,1,True
dataset/person_065/img_28.jpg,person_065,person_065,0.41187313,0.41187313,1,True
dataset/person_065/img_29.jpg,person_065,person_1572,0.39120507,0.247746,4,False
dataset/person_065/img_30.jpg,person_065,person_1490,0.3288839,0.25324637,3,False
dataset/person_065/img_31.jpg,person_065,person_049,0.2800817,0.12296909,17,False
dataset/person_065/img_32.jpg,person_065,person_065,0.43559214,0.43559214,1,True
dataset/person_065/img_33.jpg,person_065,person_1490,0.2988655,0.23509324,2,False
dataset/person_065/img_34.jpg,person_065,person_162,0.36006707,0.27839845,2,False
dataset/person_065/img_35.jpg,person_065,person_065,0.42093557,0.42093557,1,True
dataset/person_070/img_02.jpg,person_070,person_070,0.51351374,0.51351374,1,True
dataset/person_070/img_03.jpg,person_070,person_070,0.38282222,0.38282222,1,True
dataset/person_070/img_04.jpg,person_070,person_070,0.51263857,0.51263857,1,True
dataset/person_070/img_05.jpg,person_070,person_070,0.37121874,0.37121874,1,True
dataset/person_070/img_06.jpg,person_070,person_070,0.5069358,0.5069358,1,True
dataset/person_070/img_07.jpg,person_070,person_070,0.64606476,0.64606476,1,True
dataset/person_1018/img_02.jpg,person_1018,person_1018,0.49477395,0.49477395,1,True
dataset/person_1018/img_03.jpg,person_1018,person_1396,0.3453527,0.21818522,8,False
dataset/person_1018/img_04.jpg,person_1018,person_1352,0.28640136,0.18610144,6,False
dataset/person_1018/img_05.jpg,person_1018,person_219,0.27164435,-0.024660261,80,False
dataset/person_1018/img_06.jpg,person_1018,person_1226,0.41222793,0.24971704,3,False
dataset/person_1022/img_02.jpg,person_1022,person_1369,0.32349527,0.13083248,20,False
dataset/person_1022/img_03.jpg,person_1022,person_1369,0.51440215,0.2858674,3,False
dataset/person_1022/img_04.jpg,person_1022,person_869,0.3115904,0.091141716,32,False
dataset/person_1022/img_05.jpg,person_1022,person_1369,0.37646008,0.10127044,26,False
dataset/person_1022/img_06.jpg,person_1022,person_1022,0.3367061,0.3367061,1,True
dataset/person_1022/img_07.jpg,person_1022,person_235,0.28926325,0.24992827,3,False
dataset/person_1022/img_08.jpg,person_1022,person_1369,0.41548884,0.36677328,2,False
dataset/person_1052/img_02.jpg,person_1052,person_1052,0.3330056,0.3330056,1,True
dataset/person_1052/img_03.jpg,person_1052,person_1052,0.4144397,0.4144397,1,True
dataset/person_1052/img_04.jpg,person_1052,person_1052,0.4692976,0.4692976,1,True
dataset/person_1097/img_02.jpg,person_1097,person_1097,0.770502,0.770502,1,True
dataset/person_1097/img_03.jpg,person_1097,person_1097,0.35706103,0.35706103,1,True
dataset/person_1097/img_04.jpg,person_1097,person_1097,0.5566301,0.5566301,1,True
dataset/person_1097/img_05.jpg,person_1097,person_1382,0.4227141,0.31797254,2,False
dataset/person_1098/img_02.jpg,person_1098,person_1098,0.5809693,0.5809693,1,True
dataset/person_1098/img_03.jpg,person_1098,person_1098,0.4754544,0.4754544,1,True
dataset/person_1098/img_04.jpg,person_1098,person_412,0.2645893,0.25029162,3,False
dataset/person_1098/img_05.jpg,person_1098,person_1098,0.5338839,0.5338839,1,True
dataset/person_1098/img_06.jpg,person_1098,person_1098,0.4691231,0.4691231,1,True
dataset/person_1101/img_02.jpg,person_1101,person_1226,0.3661958,0.26969317,4,False
dataset/person_1101/img_03.jpg,person_1101,person_1101,0.49797916,0.49797916,1,True
dataset/person_1101/img_04.jpg,person_1101,person_1101,0.4124716,0.4124716,1,True
dataset/person_111/img_02.jpg,person_111,person_111,0.38805965,0.38805965,1,True
dataset/person_111/img_03.jpg,person_111,person_111,0.48743325,0.48743325,1,True
dataset/person_111/img_04.jpg,person_111,person_1438,0.3728094,0.25406146,4,False
dataset/person_1151/img_02.jpg,person_1151,person_585,0.3429391,0.25620398,3,False
dataset/person_1151/img_03.jpg,person_1151,person_585,0.37932968,0.25085768,6,False
dataset/person_1151/img_04.jpg,person_1151,person_1151,0.39291108,0.39291108,1,True
dataset/person_1151/img_05.jpg,person_1151,person_1151,0.26755205,0.26755205,1,True
dataset/person_1151/img_06.jpg,person_1151,person_1151,0.35922736,0.35922736,1,True
dataset/person_1151/img_07.jpg,person_1151,person_585,0.45121384,0.30643696,2,False
dataset/person_1151/img_08.jpg,person_1151,person_1151,0.38676393,0.38676393,1,True
dataset/person_1155/img_02.jpg,person_1155,person_1438,0.33313942,0.2363174,2,False
dataset/person_1155/img_03.jpg,person_1155,person_1155,0.44303173,0.44303173,1,True
dataset/person_1155/img_04.jpg,person_1155,person_1155,0.47418544,0.47418544,1,True
dataset/person_1170/img_02.jpg,person_1170,person_1170,0.5031417,0.5031417,1,True
dataset/person_1170/img_03.jpg,person_1170,person_1170,0.4213841,0.4213841,1,True
dataset/person_1170/img_04.jpg,person_1170,person_1170,0.4052285,0.4052285,1,True
dataset/person_1191/img_02.jpg,person_1191,person_1191,0.51036096,0.51036096,1,True
dataset/person_1191/img_03.jpg,person_1191,person_1191,0.25771517,0.25771517,1,True
dataset/person_1191/img_04.jpg,person_1191,person_1191,0.39977586,0.39977586,1,True
dataset/person_1191/img_05.jpg,person_1191,person_070,0.27186722,0.22932893,3,False
dataset/person_1192/img_02.jpg,person_1192,person_1018,0.32338697,0.100960016,19,False
dataset/person_1192/img_03.jpg,person_1192,person_519,0.31126553,0.28139636,4,False
dataset/person_1192/img_04.jpg,person_1192,person_1192,0.38989514,0.38989514,1,True
dataset/person_1192/img_05.jpg,person_1192,person_1680,0.28971142,0.22281569,5,False
dataset/person_1192/img_06.jpg,person_1192,person_1192,0.34548092,0.34548092,1,True
dataset/person_1192/img_07.jpg,person_1192,person_519,0.38895714,0.33173752,2,False
dataset/person_1192/img_08.jpg,person_1192,person_1490,0.36005327,0.3145414,2,False
dataset/person_1192/img_09.jpg,person_1192,person_1192,0.3413858,0.3413858,1,True
dataset/person_1192/img_10.jpg,person_1192,person_1192,0.33903253,0.33903253,1,True
dataset/person_1192/img_11.jpg,person_1192,person_1192,0.35362446,0.35362446,1,True
dataset/person_1202/img_02.jpg,person_1202,person_1202,0.64089465,0.64089465,1,True
dataset/person_1202/img_03.jpg,person_1202,person_1202,0.53372055,0.53372055,1,True
dataset/person_1202/img_04.jpg,person_1202,person_1202,0.23763934,0.23763934,1,True
dataset/person_1217/img_02.jpg,person_1217,person_1217,0.5109478,0.5109478,1,True
dataset/person_1217/img_03.jpg,person_1217,person_1217,0.7505338,0.7505338,1,True
dataset/person_1217/img_04.jpg,person_1217,person_1217,0.9060062,0.9060062,1,True
dataset/person_1226/img_02.jpg,person_1226,person_1226,0.49893695,0.49893695,1,True
dataset/person_1226/img_03.jpg,person_1226,person_1226,0.44427025,0.44427025,1,True
dataset/person_1226/img_04.jpg,person_1226,person_1226,0.38943315,0.38943315,1,True
dataset/person_1226/img_05.jpg,person_1226,person_1226,0.39893252,0.39893252,1,True
dataset/person_1226/img_06.jpg,person_1226,person_1226,0.4459942,0.4459942,1,True
dataset/person_1226/img_07.jpg,person_1226,person_1226,0.40095478,0.40095478,1,True
dataset/person_1226/img_08.jpg,person_1226,person_1226,0.5168067,0.5168067,1,True
dataset/person_1226/img_09.jpg,person_1226,person_229,0.34231403,0.2431792,6,False
dataset/person_1226/img_10.jpg,person_1226,person_1226,0.49807936,0.49807936,1,True
dataset/person_1244/img_02.jpg,person_1244,person_1244,0.4915894,0.4915894,1,True
dataset/person_1244/img_03.jpg,person_1244,person_1244,0.31887415,0.31887415,1,True
dataset/person_1244/img_04.jpg,person_1244,person_1244,0.4945687,0.4945687,1,True
dataset/person_1244/img_05.jpg,person_1244,person_1262,0.3600508,0.33948874,2,False
dataset/person_1244/img_06.jpg,person_1244,person_1244,0.6041995,0.6041995,1,True
dataset/person_1244/img_07.jpg,person_1244,person_1244,0.4901614,0.4901614,1,True
dataset/person_1244/img_08.jpg,person_1244,person_1244,0.48244125,0.48244125,1,True
dataset/person_1244/img_09.jpg,person_1244,person_1244,0.4774299,0.4774299,1,True
dataset/person_1244/img_10.jpg,person_1244,person_1262,0.38637114,0.38483012,2,False
dataset/person_1244/img_11.jpg,person_1244,person_1244,0.48787484,0.48787484,1,True
dataset/person_1244/img_12.jpg,person_1244,person_1244,0.45007128,0.45007128,1,True
dataset/person_1244/img_13.jpg,person_1244,person_1244,0.3110335,0.3110335,1,True
dataset/person_1244/img_14.jpg,person_1244,person_043,0.38057238,0.36761162,2,False
dataset/person_1244/img_15.jpg,person_1244,person_1244,0.42862362,0.42862362,1,True
dataset/person_1244/img_16.jpg,person_1244,person_776,0.36502823,0.2870332,4,False
dataset/person_1244/img_17.jpg,person_1244,person_1262,0.36476642,0.3516394,2,False
dataset/person_1244/img_18.jpg,person_1244,person_1244,0.5642007,0.5642007,1,True
dataset/person_1244/img_19.jpg,person_1244,person_1244,0.49214756,0.49214756,1,True
dataset/person_1244/img_20.jpg,person_1244,person_1244,0.5039536,0.5039536,1,True
dataset/person_1262/img_02.jpg,person_1262,person_1262,0.44259724,0.44259724,1,True
dataset/person_1262/img_03.jpg,person_1262,person_1244,0.403777,0.38974318,2,False
dataset/person_1262/img_04.jpg,person_1262,person_1262,0.51030886,0.51030886,1,True
dataset/person_1262/img_05.jpg,person_1262,person_1052,0.23959479,0.19158387,8,False
dataset/person_1262/img_06.jpg,person_1262,person_1411,0.3708284,0.3423257,2,False
dataset/person_1262/img_07.jpg,person_1262,person_1262,0.36725628,0.36725628,1,True
dataset/person_1262/img_08.jpg,person_1262,person_1262,0.31661826,0.31661826,1,True
dataset/person_1262/img_09.jpg,person_1262,person_661,0.26846248,-0.043645807,80,False
dataset/person_1262/img_10.jpg,person_1262,person_1262,0.4356109,0.4356109,1,True
dataset/person_1302/img_02.jpg,person_1302,person_1302,0.638016,0.638016,1,True
dataset/person_1302/img_03.jpg,person_1302,person_547,0.29344988,0.22092262,3,False
dataset/person_1302/img_04.jpg,person_1302,person_1302,0.40955365,0.40955365,1,True
dataset/person_1302/img_05.jpg,person_1302,person_1302,0.2642268,0.2642268,1,True
dataset/person_1309/img_02.jpg,person_1309,person_1309,0.5012461,0.5012461,1,True
dataset/person_1309/img_03.jpg,person_1309,person_1309,0.6481906,0.6481906,1,True
dataset/person_1309/img_04.jpg,person_1309,person_354,0.42186096,0.2672941,2,False
dataset/person_1309/img_05.jpg,person_1309,person_710,0.36135888,0.33400548,2,False
dataset/person_1309/img_06.jpg,person_1309,person_783,0.34893405,0.079509325,19,False
dataset/person_1309/img_07.jpg,person_1309,person_1309,0.39043024,0.39043024,1,True
dataset/person_1309/img_08.jpg,person_1309,person_861,0.24850348,0.14811414,7,False
dataset/person_1309/img_09.jpg,person_1309,person_1309,0.5316049,0.5316049,1,True
dataset/person_1309/img_10.jpg,person_1309,person_1309,0.46974584,0.46974584,1,True
dataset/person_1309/img_11.jpg,person_1309,person_1309,0.3734847,0.3734847,1,True
dataset/person_1309/img_12.jpg,person_1309,person_1309,0.3641107,0.3641107,1,True
dataset/person_1309/img_13.jpg,person_1309,person_1334,0.3079068,0.18633106,7,False
dataset/person_1316/img_02.jpg,person_1316,person_1316,0.46928102,0.46928102,1,True
dataset/person_1316/img_03.jpg,person_1316,person_1316,0.46511912,0.46511912,1,True
dataset/person_1316/img_04.jpg,person_1316,person_515,0.30944175,0.17748559,11,False
dataset/person_1316/img_05.jpg,person_1316,person_1316,0.41558155,0.41558155,1,True
dataset/person_1326/img_02.jpg,person_1326,person_1326,0.7575127,0.7575127,1,True
dataset/person_1326/img_03.jpg,person_1326,person_1326,0.6448518,0.6448518,1,True
dataset/person_1326/img_04.jpg,person_1326,person_844,0.41214404,0.36632246,2,False
dataset/person_1326/img_05.jpg,person_1326,person_1326,0.45913854,0.45913854,1,True
dataset/person_1326/img_06.jpg,person_1326,person_1326,0.35408294,0.35408294,1,True
dataset/person_1326/img_07.jpg,person_1326,person_1326,0.5654758,0.5654758,1,True
dataset/person_1326/img_08.jpg,person_1326,person_1326,0.44873554,0.44873554,1,True
dataset/person_1326/img_09.jpg,person_1326,person_559,0.403446,0.355809,2,False
dataset/person_1334/img_02.jpg,person_1334,person_1334,0.38558364,0.38558364,1,True
dataset/person_1334/img_03.jpg,person_1334,person_1334,0.52787197,0.52787197,1,True
dataset/person_1334/img_04.jpg,person_1334,person_1334,0.45290613,0.45290613,1,True
dataset/person_1334/img_05.jpg,person_1334,person_711,0.36833262,0.32524607,4,False
dataset/person_1334/img_06.jpg,person_1334,person_1334,0.59418553,0.59418553,1,True
dataset/person_1334/img_07.jpg,person_1334,person_474,0.3835101,0.36440557,2,False
dataset/person_1334/img_08.jpg,person_1334,person_1334,0.49898532,0.49898532,1,True
dataset/person_1334/img_09.jpg,person_1334,person_1334,0.50252634,0.50252634,1,True
dataset/person_1334/img_10.jpg,person_1334,person_1334,0.49370188,0.49370188,1,True
dataset/person_1334/img_11.jpg,person_1334,person_1334,0.4052529,0.4052529,1,True
dataset/person_1334/img_12.jpg,person_1334,person_1334,0.4635184,0.4635184,1,True
dataset/person_1334/img_13.jpg,person_1334,person_1334,0.37465543,0.37465543,1,True
dataset/person_1334/img_14.jpg,person_1334,person_1334,0.45187265,0.45187265,1,True
dataset/person_1334/img_15.jpg,person_1334,person_1334,0.48380983,0.48380983,1,True
dataset/person_1334/img_16.jpg,person_1334,person_1334,0.4540073,0.4540073,1,True
dataset/person_1334/img_17.jpg,person_1334,person_1334,0.48980153,0.48980153,1,True
dataset/person_1334/img_18.jpg,person_1334,person_1334,0.54665506,0.54665506,1,True
dataset/person_1334/img_19.jpg,person_1334,person_411,0.366284,0.36086613,3,False
dataset/person_1334/img_20.jpg,person_1334,person_1334,0.47841474,0.47841474,1,True
dataset/person_1334/img_21.jpg,person_1334,person_1334,0.5977509,0.5977509,1,True
dataset/person_1334/img_22.jpg,person_1334,person_1334,0.53775954,0.53775954,1,True
dataset/person_1334/img_23.jpg,person_1334,person_1334,0.41460067,0.41460067,1,True
dataset/person_1334/img_24.jpg,person_1334,person_1334,0.45343,0.45343,1,True
dataset/person_1334/img_25.jpg,person_1334,person_411,0.36760637,0.1801683,10,False
dataset/person_1334/img_26.jpg,person_1334,person_1334,0.55361307,0.55361307,1,True
dataset/person_1334/img_27.jpg,person_1334,person_1334,0.46585304,0.46585304,1,True
dataset/person_1352/img_02.jpg,person_1352,person_1352,0.47851723,0.47851723,1,True
dataset/person_1352/img_03.jpg,person_1352,person_1352,0.5327577,0.5327577,1,True
dataset/person_1352/img_04.jpg,person_1352,person_1601,0.3343926,0.29931146,2,False
dataset/person_1352/img_05.jpg,person_1352,person_815,0.3660789,0.3151548,3,False
dataset/person_1352/img_06.jpg,person_1352,person_1352,0.4566874,0.4566874,1,True
dataset/person_1352/img_07.jpg,person_1352,person_547,0.23907247,0.15093078,13,False
dataset/person_1352/img_08.jpg,person_1352,person_219,0.34713435,0.046222515,40,False
dataset/person_1355/img_02.jpg,person_1355,person_1355,0.36469752,0.36469752,1,True
dataset/person_1355/img_03.jpg,person_1355,person_1355,0.43594277,0.43594277,1,True
dataset/person_1355/img_04.jpg,person_1355,person_1355,0.33011472,0.33011472,1,True
dataset/person_1369/img_02.jpg,person_1369,person_935,0.55146426,0.54098487,2,False
dataset/person_1369/img_03.jpg,person_1369,person_374,0.49838966,0.44543457,2,False
dataset/person_1369/img_04.jpg,person_1369,person_1369,0.48986053,0.48986053,1,True
dataset/person_1371/img_02.jpg,person_1371,person_1371,0.6179929,0.6179929,1,True
dataset/person_1371/img_03.jpg,person_1371,person_1371,0.5222407,0.5222407,1,True
dataset/person_1371/img_04.jpg,person_1371,person_1371,0.43364573,0.43364573,1,True
dataset/person_1371/img_05.jpg,person_1371,person_1371,0.4132259,0.4132259,1,True
dataset/person_1371/img_06.jpg,person_1371,person_1371,0.44449297,0.44449297,1,True
dataset/person_1382/img_02.jpg,person_1382,person_1382,0.52211595,0.52211595,1,True
dataset/person_1382/img_03.jpg,person_1382,person_1382,0.576617,0.576617,1,True
dataset/person_1382/img_04.jpg,person_1382,person_1382,0.57961655,0.57961655,1,True
dataset/person_1382/img_05.jpg,person_1382,person_1382,0.47119838,0.47119838,1,True
dataset/person_1382/img_06.jpg,person_1382,person_1382,0.6129079,0.6129079,1,True
dataset/person_1382/img_07.jpg,person_1382,person_1382,0.50720847,0.50720847,1,True
dataset/person_1382/img_08.jpg,person_1382,person_1382,0.42664987,0.42664987,1,True
dataset/person_1387/img_02.jpg,person_1387,person_1387,0.6742331,0.6742331,1,True
dataset/person_1387/img_03.jpg,person_1387,person_1387,0.5655855,0.5655855,1,True
dataset/person_1387/img_04.jpg,person_1387,person_1387,0.46569848,0.46569848,1,True
dataset/person_1387/img_05.jpg,person_1387,person_1387,0.43948817,0.43948817,1,True
dataset/person_1396/img_02.jpg,person_1396,person_1396,0.3401124,0.3401124,1,True
dataset/person_1396/img_03.jpg,person_1396,person_1396,0.4674684,0.4674684,1,True
dataset/person_1396/img_04.jpg,person_1396,person_1396,0.4401397,0.4401397,1,True
dataset/person_1411/img_02.jpg,person_1411,person_815,0.3580323,0.33432937,2,False
dataset/person_1411/img_03.jpg,person_1411,person_1411,0.25464615,0.25464615,1,True
dataset/person_1411/img_04.jpg,person_1411,person_1411,0.54668206,0.54668206,1,True
dataset/person_1411/img_05.jpg,person_1411,person_710,0.312932,0.28540796,3,False
dataset/person_1411/img_06.jpg,person_1411,person_1334,0.28795433,0.22829758,5,False
dataset/person_1420/img_02.jpg,person_1420,person_1420,0.6697056,0.6697056,1,True
dataset/person_1420/img_03.jpg,person_1420,person_491,0.33220333,0.14939357,16,False
dataset/person_1420/img_04.jpg,person_1420,person_367,0.33367202,0.16397217,16,False
dataset/person_1420/img_05.jpg,person_1420,person_1601,0.28996694,0.011569971,39,False
dataset/person_1420/img_06.jpg,person_1420,person_367,0.33241028,0.2699814,3,False
dataset/person_1438/img_02.jpg,person_1438,person_1438,0.6137192,0.6137192,1,True
dataset/person_1438/img_03.jpg,person_1438,person_1438,0.41012585,0.41012585,1,True
dataset/person_1438/img_04.jpg,person_1438,person_1191,0.33444062,0.24095488,5,False
dataset/person_1439/img_02.jpg,person_1439,person_1439,0.4900434,0.4900434,1,True
dataset/person_1439/img_03.jpg,person_1439,person_1439,0.28708088,0.28708088,1,True
dataset/person_1439/img_04.jpg,person_1439,person_869,0.31393832,0.31062156,2,False
dataset/person_1454/img_02.jpg,person_1454,person_1454,0.44297272,0.44297272,1,True
dataset/person_1454/img_03.jpg,person_1454,person_1454,0.768095,0.768095,1,True
dataset/person_1454/img_04.jpg,person_1454,person_1454,0.53926927,0.53926927,1,True
dataset/person_1454/img_05.jpg,person_1454,person_1454,0.61021745,0.61021745,1,True
dataset/person_1486/img_02.jpg,person_1486,person_1486,0.40411997,0.40411997,1,True
dataset/person_1486/img_03.jpg,person_1486,person_844,0.32780683,0.29256803,2,False
dataset/person_1486/img_04.jpg,person_1486,person_869,0.42238835,0.34784853,2,False
dataset/person_1486/img_05.jpg,person_1486,person_1486,0.3590722,0.3590722,1,True
dataset/person_1486/img_06.jpg,person_1486,person_935,0.3644281,0.21161371,3,False
dataset/person_1486/img_07.jpg,person_1486,person_869,0.45043868,0.3690952,2,False
dataset/person_1486/img_08.jpg,person_1486,person_1486,0.43811205,0.43811205,1,True
dataset/person_149/img_02.jpg,person_149,person_149,0.40101916,0.40101916,1,True
dataset/person_149/img_03.jpg,person_149,person_064,0.3047781,0.26834965,2,False
dataset/person_149/img_04.jpg,person_149,person_412,0.34466326,0.2978306,2,False
dataset/person_149/img_05.jpg,person_149,person_412,0.4124078,0.25206566,2,False
dataset/person_1490/img_02.jpg,person_1490,person_1382,0.38475722,0.3297553,2,False
dataset/person_1490/img_03.jpg,person_1490,person_1601,0.44752273,-0.014878194,71,False
dataset/person_1490/img_04.jpg,person_1490,person_515,0.34994477,0.25073057,4,False
dataset/person_1490/img_05.jpg,person_1490,person_1490,0.43781677,0.43781677,1,True
dataset/person_1490/img_06.jpg,person_1490,person_1490,0.47027215,0.47027215,1,True
dataset/person_1492/img_02.jpg,person_1492,person_1492,0.4549236,0.4549236,1,True
dataset/person_1492/img_03.jpg,person_1492,person_1492,0.3591879,0.3591879,1,True
dataset/person_1492/img_04.jpg,person_1492,person_1492,0.5367396,0.5367396,1,True
dataset/person_1492/img_05.jpg,person_1492,person_1492,0.5054058,0.5054058,1,True
dataset/person_1492/img_06.jpg,person_1492,person_1492,0.43870357,0.43870357,1,True
dataset/person_1492/img_07.jpg,person_1492,person_1492,0.6024598,0.6024598,1,True
dataset/person_1492/img_08.jpg,person_1492,person_1492,0.34757248,0.34757248,1,True
dataset/person_1492/img_09.jpg,person_1492,person_1492,0.40411514,0.40411514,1,True
dataset/person_1492/img_10.jpg,person_1492,person_1492,0.5446489,0.5446489,1,True
dataset/person_1492/img_11.jpg,person_1492,person_1492,0.6462992,0.6462992,1,True
dataset/person_1492/img_12.jpg,person_1492,person_1492,0.51877916,0.51877916,1,True
dataset/person_1492/img_13.jpg,person_1492,person_1492,0.36653566,0.36653566,1,True
dataset/person_1492/img_14.jpg,person_1492,person_1492,0.64316034,0.64316034,1,True
dataset/person_1492/img_15.jpg,person_1492,person_1382,0.36997086,0.27750129,4,False
dataset/person_1492/img_16.jpg,person_1492,person_1492,0.33932614,0.33932614,1,True
dataset/person_1492/img_17.jpg,person_1492,person_1382,0.41717374,0.3093804,2,False
dataset/person_1492/img_18.jpg,person_1492,person_1492,0.61890477,0.61890477,1,True
dataset/person_1492/img_19.jpg,person_1492,person_1492,0.59974897,0.59974897,1,True
dataset/person_1492/img_20.jpg,person_1492,person_1492,0.5077521,0.5077521,1,True
dataset/person_1492/img_21.jpg,person_1492,person_1492,0.460801,0.460801,1,True
dataset/person_1492/img_22.jpg,person_1492,person_1492,0.5421452,0.5421452,1,True
dataset/person_1492/img_23.jpg,person_1492,person_1492,0.5940238,0.5940238,1,True
dataset/person_1492/img_24.jpg,person_1492,person_1492,0.66558903,0.66558903,1,True
dataset/person_1492/img_25.jpg,person_1492,person_1492,0.70160604,0.70160604,1,True
dataset/person_1492/img_26.jpg,person_1492,person_1492,0.31484514,0.31484514,1,True
dataset/person_1492/img_27.jpg,person_1492,person_1492,0.58968204,0.58968204,1,True
dataset/person_1492/img_28.jpg,person_1492,person_1382,0.4256482,0.41512567,2,False
dataset/person_1492/img_29.jpg,person_1492,person_1492,0.4138375,0.4138375,1,True
dataset/person_1492/img_30.jpg,person_1492,person_1492,0.31850788,0.31850788,1,True
dataset/person_1492/img_31.jpg,person_1492,person_1382,0.5310359,0.48461038,2,False
dataset/person_1492/img_32.jpg,person_1492,person_515,0.33704793,0.16927052,8,False
dataset/person_1492/img_33.jpg,person_1492,person_1492,0.50859416,0.50859416,1,True
dataset/person_1531/img_02.jpg,person_1531,person_1531,0.4149322,0.4149322,1,True
dataset/person_1531/img_03.jpg,person_1531,person_1531,0.3504257,0.3504257,1,True
dataset/person_1531/img_04.jpg,person_1531,person_909,0.36178264,0.06336873,34,False
dataset/person_1531/img_05.jpg,person_1531,person_1326,0.28100833,0.1326174,19,False
dataset/person_1531/img_06.jpg,person_1531,person_1588,0.3374496,0.17189062,11,False
dataset/person_1531/img_07.jpg,person_1531,person_1262,0.261145,0.07392198,37,False
dataset/person_1531/img_08.jpg,person_1531,person_1244,0.3087995,0.29402155,2,False
dataset/person_1531/img_09.jpg,person_1531,person_1244,0.35745555,0.2060525,9,False
dataset/person_1546/img_02.jpg,person_1546,person_1546,0.554819,0.554819,1,True
dataset/person_1546/img_03.jpg,person_1546,person_1546,0.46721143,0.46721143,1,True
dataset/person_1546/img_04.jpg,person_1546,person_1546,0.6911125,0.6911125,1,True
dataset/person_1546/img_05.jpg,person_1546,person_1546,0.5347853,0.5347853,1,True
dataset/person_1546/img_06.jpg,person_1546,person_1546,0.30840796,0.30840796,1,True
dataset/person_1563/img_02.jpg,person_1563,person_1563,0.6525235,0.6525235,1,True
dataset/person_1563/img_03.jpg,person_1563,person_1563,0.42421734,0.42421734,1,True
dataset/person_1563/img_04.jpg,person_1563,person_1563,0.38079336,0.38079336,1,True
dataset/person_1572/img_02.jpg,person_1572,person_1572,0.41898477,0.41898477,1,True
dataset/person_1572/img_03.jpg,person_1572,person_1572,0.3676114,0.3676114,1,True
dataset/person_1572/img_04.jpg,person_1572,person_1669,0.35448074,0.27368373,2,False
dataset/person_1572/img_05.jpg,person_1572,person_1572,0.41192508,0.41192508,1,True
dataset/person_1577/img_02.jpg,person_1577,person_1577,0.51811826,0.51811826,1,True
dataset/person_1577/img_03.jpg,person_1577,person_1577,0.5070775,0.5070775,1,True
dataset/person_1577/img_04.jpg,person_1577,person_1577,0.43145347,0.43145347,1,True
dataset/person_1577/img_05.jpg,person_1577,person_924,0.44149303,0.23006445,3,False
dataset/person_1580/img_02.jpg,person_1580,person_1580,0.5310761,0.5310761,1,True
dataset/person_1580/img_03.jpg,person_1580,person_1580,0.41892508,0.41892508,1,True
dataset/person_1580/img_04.jpg,person_1580,person_1580,0.28791428,0.28791428,1,True
dataset/person_1580/img_05.jpg,person_1580,person_1580,0.46823817,0.46823817,1,True
dataset/person_1580/img_06.jpg,person_1580,person_1580,0.5564394,0.5564394,1,True
dataset/person_1580/img_07.jpg,person_1580,person_1580,0.4044984,0.4044984,1,True
dataset/person_1580/img_08.jpg,person_1580,person_1580,0.52780825,0.52780825,1,True
dataset/person_1580/img_09.jpg,person_1580,person_1580,0.3120047,0.3120047,1,True
dataset/person_1580/img_10.jpg,person_1580,person_1580,0.3622458,0.3622458,1,True
dataset/person_1580/img_11.jpg,person_1580,person_713,0.35743883,0.19184932,8,False
dataset/person_1580/img_12.jpg,person_1580,person_034,0.37551987,0.15585038,8,False
dataset/person_1580/img_13.jpg,person_1580,person_1580,0.3732303,0.3732303,1,True
dataset/person_1580/img_14.jpg,person_1580,person_1580,0.46106642,0.46106642,1,True
dataset/person_1580/img_15.jpg,person_1580,person_1580,0.43603015,0.43603015,1,True
dataset/person_1580/img_16.jpg,person_1580,person_713,0.32668662,0.19102323,5,False
dataset/person_1580/img_17.jpg,person_1580,person_1580,0.503507,0.503507,1,True
dataset/person_1580/img_18.jpg,person_1580,person_1580,0.31014985,0.31014985,1,True
dataset/person_1580/img_19.jpg,person_1580,person_1580,0.39785236,0.39785236,1,True
dataset/person_1580/img_20.jpg,person_1580,person_043,0.3128528,0.25329757,2,False
dataset/person_1580/img_21.jpg,person_1580,person_1580,0.44048822,0.44048822,1,True
dataset/person_1580/img_22.jpg,person_1580,person_1580,0.4776866,0.4776866,1,True
dataset/person_1580/img_23.jpg,person_1580,person_1580,0.41712528,0.41712528,1,True
dataset/person_1580/img_24.jpg,person_1580,person_1580,0.34514177,0.34514177,1,True
dataset/person_1580/img_25.jpg,person_1580,person_1580,0.4707999,0.4707999,1,True
dataset/person_1580/img_26.jpg,person_1580,person_1580,0.4311447,0.4311447,1,True
dataset/person_1580/img_27.jpg,person_1580,person_1262,0.46180934,0.34535617,4,False
dataset/person_1580/img_28.jpg,person_1580,person_1580,0.32988626,0.32988626,1,True
dataset/person_1580/img_29.jpg,person_1580,person_1580,0.37465817,0.37465817,1,True
dataset/person_1580/img_30.jpg,person_1580,person_1580,0.29371122,0.29371122,1,True
dataset/person_1580/img_31.jpg,person_1580,person_1580,0.54979736,0.54979736,1,True
dataset/person_1580/img_32.jpg,person_1580,person_1580,0.43547782,0.43547782,1,True
dataset/person_1580/img_33.jpg,person_1580,person_491,0.354837,0.2148175,6,False
dataset/person_1588/img_02.jpg,person_1588,person_1588,0.6616497,0.6616497,1,True
dataset/person_1588/img_03.jpg,person_1588,person_1588,0.4747876,0.4747876,1,True
dataset/person_1588/img_04.jpg,person_1588,person_1588,0.7106177,0.7106177,1,True
dataset/person_1601/img_02.jpg,person_1601,person_909,0.26191804,-0.0705999,81,False
dataset/person_1601/img_03.jpg,person_1601,person_1546,0.25943655,-0.12877089,99,False
dataset/person_1601/img_04.jpg,person_1601,person_1563,0.3258229,-0.17125116,112,False
dataset/person_1601/img_05.jpg,person_1601,person_909,0.33424735,-0.2286188,118,False
dataset/person_1601/img_06.jpg,person_1601,person_412,0.29650176,-0.22618695,119,False
dataset/person_1601/img_07.jpg,person_1601,person_930,0.34091723,-0.073390886,86,False
dataset/person_1601/img_08.jpg,person_1601,person_1546,0.30524883,-0.24247596,120,False
dataset/person_1601/img_09.jpg,person_1601,person_710,0.26634294,-0.14588653,104,False
dataset/person_162/img_02.jpg,person_162,person_289,0.38653404,0.36801493,2,False
dataset/person_162/img_03.jpg,person_162,person_162,0.5214647,0.5214647,1,True
dataset/person_162/img_04.jpg,person_162,person_367,0.34802902,0.34523177,2,False
dataset/person_162/img_05.jpg,person_162,person_162,0.42595544,0.42595544,1,True
dataset/person_162/img_06.jpg,person_162,person_367,0.40779227,0.37323487,3,False
dataset/person_162/img_07.jpg,person_162,person_367,0.38558468,0.3766963,2,False
dataset/person_162/img_08.jpg,person_162,person_162,0.39484972,0.39484972,1,True
dataset/person_162/img_09.jpg,person_162,person_162,0.40053624,0.40053624,1,True
dataset/person_1653/img_02.jpg,person_1653,person_1653,0.49595326,0.49595326,1,True
dataset/person_1653/img_03.jpg,person_1653,person_1669,0.40171647,0.28557456,8,False
dataset/person_1653/img_04.jpg,person_1653,person_1669,0.58610964,0.33772525,3,False
dataset/person_1658/img_02.jpg,person_1658,person_769,0.25039095,0.18326072,6,False
dataset/person_1658/img_03.jpg,person_1658,person_1658,0.5663395,0.5663395,1,True
dataset/person_1658/img_04.jpg,person_1658,person_1658,0.46783197,0.46783197,1,True
dataset/person_1658/img_05.jpg,person_1658,person_1658,0.38050207,0.38050207,1,True
dataset/person_1669/img_02.jpg,person_1669,person_1669,0.4262631,0.4262631,1,True
dataset/person_1669/img_03.jpg,person_1669,person_1669,0.4432086,0.4432086,1,True
dataset/person_1669/img_04.jpg,person_1669,person_1492,0.55959046,0.50266826,3,False
dataset/person_1680/img_02.jpg,person_1680,person_1680,0.5042256,0.5042256,1,True
dataset/person_1680/img_03.jpg,person_1680,person_1680,0.35654888,0.35654888,1,True
dataset/person_1680/img_04.jpg,person_1680,person_1680,0.36045077,0.36045077,1,True
dataset/person_191/img_02.jpg,person_191,person_191,0.61567324,0.61567324,1,True
dataset/person_191/img_03.jpg,person_191,person_191,0.37847018,0.37847018,1,True
dataset/person_191/img_04.jpg,person_191,person_191,0.5030596,0.5030596,1,True
dataset/person_191/img_05.jpg,person_191,person_191,0.6010779,0.6010779,1,True
dataset/person_191/img_06.jpg,person_191,person_191,0.48858574,0.48858574,1,True
dataset/person_194/img_02.jpg,person_194,person_1396,0.36505878,0.31614786,4,False
dataset/person_194/img_03.jpg,person_194,person_1454,0.33306378,0.19762121,11,False
dataset/person_194/img_04.jpg,person_194,person_194,0.69609547,0.69609547,1,True
dataset/person_219/img_02.jpg,person_219,person_219,0.45095336,0.45095336,1,True
dataset/person_219/img_03.jpg,person_219,person_219,0.49067894,0.49067894,1,True
dataset/person_219/img_04.jpg,person_219,person_1572,0.3307216,0.24894315,4,False
dataset/person_229/img_02.jpg,person_229,person_229,0.4151414,0.4151414,1,True
dataset/person_229/img_03.jpg,person_229,person_229,0.5673102,0.5673102,1,True
dataset/person_229/img_04.jpg,person_229,person_229,0.4375341,0.4375341,1,True
dataset/person_229/img_05.jpg,person_229,person_229,0.495582,0.495582,1,True
dataset/person_229/img_06.jpg,person_229,person_1316,0.368416,0.27596474,4,False
dataset/person_229/img_07.jpg,person_229,person_229,0.5854343,0.5854343,1,True
dataset/person_229/img_08.jpg,person_229,person_896,0.44341707,0.43352473,2,False
dataset/person_229/img_09.jpg,person_229,person_229,0.5023291,0.5023291,1,True
dataset/person_229/img_10.jpg,person_229,person_661,0.50591266,0.45727342,2,False
dataset/person_229/img_11.jpg,person_229,person_896,0.45328188,0.44905943,2,False
dataset/person_229/img_12.jpg,person_229,person_355,0.3772682,0.21838778,6,False
dataset/person_229/img_13.jpg,person_229,person_896,0.43889257,0.42449823,2,False
dataset/person_229/img_14.jpg,person_229,person_896,0.51488316,0.32180306,2,False
dataset/person_229/img_15.jpg,person_229,person_1302,0.23179589,0.23132437,2,False
dataset/person_229/img_16.jpg,person_229,person_229,0.33803272,0.33803272,1,True
dataset/person_229/img_17.jpg,person_229,person_229,0.4954366,0.4954366,1,True
dataset/person_229/img_18.jpg,person_229,person_229,0.43919218,0.43919218,1,True
dataset/person_229/img_19.jpg,person_229,person_1355,0.2748745,0.27201647,2,False
dataset/person_235/img_02.jpg,person_235,person_869,0.38061208,0.17960966,10,False
dataset/person_235/img_03.jpg,person_235,person_1369,0.3532653,0.30903444,2,False
dataset/person_235/img_04.jpg,person_235,person_869,0.4613219,0.34452236,3,False
dataset/person_235/img_05.jpg,person_235,person_246,0.39257,0.24572115,5,False
dataset/person_235/img_06.jpg,person_235,person_869,0.47702605,0.3753587,3,False
dataset/person_246/img_02.jpg,person_246,person_246,0.4860775,0.4860775,1,True
dataset/person_246/img_03.jpg,person_246,person_246,0.38642406,0.38642406,1,True
dataset/person_246/img_04.jpg,person_246,person_869,0.33035138,0.18317994,8,False
dataset/person_246/img_05.jpg,person_246,person_911,0.40170032,0.13273314,13,False
dataset/person_256/img_02.jpg,person_256,person_256,0.30016688,0.30016688,1,True
dataset/person_256/img_03.jpg,person_256,person_687,0.26199785,0.09768124,21,False
dataset/person_256/img_04.jpg,person_256,person_256,0.3872383,0.3872383,1,True
dataset/person_256/img_05.jpg,person_256,person_256,0.462383,0.462383,1,True
dataset/person_287/img_02.jpg,person_287,person_191,0.30667478,0.20982242,5,False
dataset/person_287/img_03.jpg,person_287,person_287,0.3886394,0.3886394,1,True
dataset/person_287/img_04.jpg,person_287,person_287,0.45221278,0.45221278,1,True
dataset/person_287/img_05.jpg,person_287,person_287,0.38634998,0.38634998,1,True
dataset/person_287/img_06.jpg,person_287,person_287,0.32120857,0.32120857,1,True
dataset/person_289/img_02.jpg,person_289,person_1371,0.38820907,0.3065544,3,False
dataset/person_289/img_03.jpg,person_289,person_1316,0.30854934,0.2833743,2,False
dataset/person_289/img_04.jpg,person_289,person_289,0.4863224,0.4863224,1,True
dataset/person_309/img_02.jpg,person_309,person_309,0.48210758,0.48210758,1,True
dataset/person_309/img_03.jpg,person_309,person_309,0.5207062,0.5207062,1,True
dataset/person_309/img_04.jpg,person_309,person_219,0.25429705,0.13341019,7,False
dataset/person_309/img_05.jpg,person_309,person_309,0.46096456,0.46096456,1,True
dataset/person_311/img_02.jpg,person_311,person_311,0.48946366,0.48946366,1,True
dataset/person_311/img_03.jpg,person_311,person_311,0.3466522,0.3466522,1,True
dataset/person_311/img_04.jpg,person_311,person_1202,0.34768108,0.10228482,29,False
dataset/person_313/img_02.jpg,person_313,person_313,0.4562894,0.4562894,1,True
dataset/person_313/img_03.jpg,person_313,person_313,0.5085278,0.5085278,1,True
dataset/person_313/img_04.jpg,person_313,person_369,0.34382558,0.2713213,3,False
dataset/person_313/img_05.jpg,person_313,person_1601,0.26377043,-0.15298703,111,False
dataset/person_313/img_06.jpg,person_313,person_313,0.43617678,0.43617678,1,True
dataset/person_313/img_07.jpg,person_313,person_313,0.4478567,0.4478567,1,True
dataset/person_313/img_08.jpg,person_313,person_313,0.48901057,0.48901057,1,True
dataset/person_313/img_09.jpg,person_313,person_661,0.3556903,0.22595122,4,False
dataset/person_313/img_10.jpg,person_313,person_313,0.34608048,0.34608048,1,True
dataset/person_313/img_11.jpg,person_313,person_369,0.4557175,0.45360702,2,False
dataset/person_354/img_02.jpg,person_354,person_354,0.63658595,0.63658595,1,True
dataset/person_354/img_03.jpg,person_354,person_354,0.46770704,0.46770704,1,True
dataset/person_354/img_04.jpg,person_354,person_354,0.57627386,0.57627386,1,True
dataset/person_354/img_05.jpg,person_354,person_527,0.30815044,0.27275965,3,False
dataset/person_355/img_02.jpg,person_355,person_585,0.36174875,0.3458221,2,False
dataset/person_355/img_03.jpg,person_355,person_355,0.37844944,0.37844944,1,True
dataset/person_355/img_04.jpg,person_355,person_355,0.63261676,0.63261676,1,True
dataset/person_355/img_05.jpg,person_355,person_355,0.56805474,0.56805474,1,True
dataset/person_355/img_06.jpg,person_355,person_896,0.33730906,0.33465952,2,False
dataset/person_355/img_07.jpg,person_355,person_355,0.50384426,0.50384426,1,True
dataset/person_367/img_02.jpg,person_367,person_367,0.6861024,0.6861024,1,True
dataset/person_367/img_03.jpg,person_367,person_367,0.6161672,0.6161672,1,True
dataset/person_367/img_04.jpg,person_367,person_367,0.785202,0.785202,1,True
dataset/person_367/img_05.jpg,person_367,person_367,0.4370154,0.4370154,1,True
dataset/person_367/img_06.jpg,person_367,person_1371,0.27305466,0.18477112,11,False
dataset/person_367/img_07.jpg,person_367,person_367,0.45399588,0.45399588,1,True
dataset/person_369/img_02.jpg,person_369,person_909,0.46914312,0.31438956,5,False
dataset/person_369/img_03.jpg,person_369,person_369,0.54855764,0.54855764,1,True
dataset/person_369/img_04.jpg,person_369,person_369,0.32975557,0.32975557,1,True
dataset/person_369/img_05.jpg,person_369,person_909,0.40576434,0.26198334,4,False
dataset/person_374/img_02.jpg,person_374,person_1369,0.4768465,0.46791422,2,False
dataset/person_374/img_03.jpg,person_374,person_374,0.36865282,0.36865282,1,True
dataset/person_374/img_04.jpg,person_374,person_911,0.314457,0.3119438,2,False
dataset/person_374/img_05.jpg,person_374,person_911,0.47155446,0.34550178,2,False
dataset/person_374/img_06.jpg,person_374,person_374,0.45160878,0.45160878,1,True
dataset/person_391/img_02.jpg,person_391,person_391,0.55222183,0.55222183,1,True
dataset/person_391/img_03.jpg,person_391,person_391,0.35898972,0.35898972,1,True
dataset/person_391/img_04.jpg,person_391,person_711,0.4446004,0.40907723,2,False
dataset/person_411/img_02.jpg,person_411,person_411,0.65735257,0.65735257,1,True
dataset/person_411/img_03.jpg,person_411,person_411,0.6175009,0.6175009,1,True
dataset/person_411/img_04.jpg,person_411,person_411,0.6676075,0.6676075,1,True
dataset/person_411/img_05.jpg,person_411,person_411,0.37648124,0.37648124,1,True
dataset/person_411/img_06.jpg,person_411,person_411,0.6352602,0.6352602,1,True
dataset/person_411/img_07.jpg,person_411,person_411,0.5378207,0.5378207,1,True
dataset/person_411/img_08.jpg,person_411,person_411,0.7751223,0.7751223,1,True
dataset/person_411/img_09.jpg,person_411,person_411,0.46158677,0.46158677,1,True
dataset/person_411/img_10.jpg,person_411,person_411,0.5988255,0.5988255,1,True
dataset/person_411/img_11.jpg,person_411,person_411,0.47361588,0.47361588,1,True
dataset/person_411/img_12.jpg,person_411,person_412,0.41673508,0.30014282,3,False
dataset/person_411/img_13.jpg,person_411,person_1601,0.31828296,-0.0076147597,71,False
dataset/person_412/img_02.jpg,person_412,person_412,0.5406755,0.5406755,1,True
dataset/person_412/img_03.jpg,person_412,person_412,0.5716386,0.5716386,1,True
dataset/person_412/img_04.jpg,person_412,person_412,0.54172266,0.54172266,1,True
dataset/person_412/img_05.jpg,person_412,person_412,0.6584625,0.6584625,1,True
dataset/person_431/img_02.jpg,person_431,person_431,0.7154845,0.7154845,1,True
dataset/person_431/img_03.jpg,person_431,person_311,0.30989096,0.27591798,2,False
dataset/person_431/img_04.jpg,person_431,person_431,0.45677292,0.45677292,1,True
dataset/person_431/img_05.jpg,person_431,person_896,0.3857224,0.30633914,2,False
dataset/person_474/img_02.jpg,person_474,person_474,0.3729112,0.3729112,1,True
dataset/person_474/img_03.jpg,person_474,person_474,0.45549956,0.45549956,1,True
dataset/person_474/img_04.jpg,person_474,person_474,0.6463677,0.6463677,1,True
dataset/person_474/img_05.jpg,person_474,person_411,0.43561888,0.27517238,4,False
dataset/person_474/img_06.jpg,person_474,person_474,0.5075638,0.5075638,1,True
dataset/person_474/img_07.jpg,person_474,person_474,0.5250132,0.5250132,1,True
dataset/person_474/img_08.jpg,person_474,person_474,0.640583,0.640583,1,True
dataset/person_491/img_02.jpg,person_491,person_491,0.55280745,0.55280745,1,True
dataset/person_491/img_03.jpg,person_491,person_491,0.40630084,0.40630084,1,True
dataset/person_491/img_04.jpg,person_491,person_491,0.39442334,0.39442334,1,True
dataset/person_491/img_05.jpg,person_491,person_491,0.5834211,0.5834211,1,True
dataset/person_515/img_02.jpg,person_515,person_515,0.46294326,0.46294326,1,True
dataset/person_515/img_03.jpg,person_515,person_1334,0.37512922,0.27168947,6,False
dataset/person_515/img_04.jpg,person_515,person_515,0.4580047,0.4580047,1,True
dataset/person_515/img_05.jpg,person_515,person_515,0.5425799,0.5425799,1,True
dataset/person_519/img_02.jpg,person_519,person_601,0.33957535,0.2804412,3,False
dataset/person_519/img_03.jpg,person_519,person_1018,0.23467588,0.098808184,12,False
dataset/person_519/img_04.jpg,person_519,person_519,0.316819,0.316819,1,True
dataset/person_519/img_05.jpg,person_519,person_861,0.2812788,0.21943766,4,False
dataset/person_519/img_06.jpg,person_519,person_519,0.44828224,0.44828224,1,True
dataset/person_519/img_07.jpg,person_519,person_519,0.47387946,0.47387946,1,True
dataset/person_519/img_08.jpg,person_519,person_519,0.38212505,0.38212505,1,True
dataset/person_519/img_09.jpg,person_519,person_1680,0.2920974,0.23219857,4,False
dataset/person_527/img_02.jpg,person_527,person_785,0.37124914,0.36178744,2,False
dataset/person_527/img_03.jpg,person_527,person_527,0.5372493,0.5372493,1,True
dataset/person_527/img_04.jpg,person_527,person_219,0.37054116,0.27112037,6,False
dataset/person_527/img_05.jpg,person_527,person_527,0.3299249,0.3299249,1,True
dataset/person_535/img_02.jpg,person_535,person_535,0.49728507,0.49728507,1,True
dataset/person_535/img_03.jpg,person_535,person_535,0.73497915,0.73497915,1,True
dataset/person_535/img_04.jpg,person_535,person_535,0.5894035,0.5894035,1,True
dataset/person_544/img_02.jpg,person_544,person_544,0.4582739,0.4582739,1,True
dataset/person_544/img_03.jpg,person_544,person_1577,0.35088974,0.29990628,3,False
dataset/person_544/img_04.jpg,person_544,person_909,0.3245141,0.28269023,3,False
dataset/person_547/img_02.jpg,person_547,person_547,0.298978,0.298978,1,True
dataset/person_547/img_03.jpg,person_547,person_547,0.46367717,0.46367717,1,True
dataset/person_547/img_04.jpg,person_547,person_547,0.37798566,0.37798566,1,True
dataset/person_559/img_02.jpg,person_559,person_559,0.63750887,0.63750887,1,True
dataset/person_559/img_03.jpg,person_559,person_559,0.5660809,0.5660809,1,True
dataset/person_559/img_04.jpg,person_559,person_559,0.47827333,0.47827333,1,True
dataset/person_559/img_05.jpg,person_559,person_559,0.35257706,0.35257706,1,True
dataset/person_585/img_02.jpg,person_585,person_585,0.38524577,0.38524577,1,True
dataset/person_585/img_03.jpg,person_585,person_1658,0.34204704,0.3224473,2,False
dataset/person_585/img_04.jpg,person_585,person_585,0.3931176,0.3931176,1,True
dataset/person_585/img_05.jpg,person_585,person_585,0.30322057,0.30322057,1,True
dataset/person_585/img_06.jpg,person_585,person_1352,0.34783247,0.1254148,22,False
dataset/person_585/img_07.jpg,person_585,person_861,0.38321477,0.31907076,3,False
dataset/person_585/img_08.jpg,person_585,person_585,0.46499914,0.46499914,1,True
dataset/person_585/img_09.jpg,person_585,person_1658,0.38328594,0.31656158,2,False
dataset/person_585/img_10.jpg,person_585,person_585,0.6300554,0.6300554,1,True
dataset/person_585/img_11.jpg,person_585,person_1658,0.38053524,0.3474704,2,False
dataset/person_585/img_12.jpg,person_585,person_585,0.49973083,0.49973083,1,True
dataset/person_585/img_13.jpg,person_585,person_1658,0.3071705,0.26775724,2,False
dataset/person_585/img_14.jpg,person_585,person_861,0.27055076,0.1642981,13,False
dataset/person_585/img_15.jpg,person_585,person_585,0.3531304,0.3531304,1,True
dataset/person_585/img_16.jpg,person_585,person_585,0.3297599,0.3297599,1,True
dataset/person_585/img_17.jpg,person_585,person_1658,0.3785882,0.30772796,2,False
dataset/person_585/img_18.jpg,person_585,person_1658,0.27774882,0.23627326,4,False
dataset/person_585/img_19.jpg,person_585,person_544,0.2943588,0.29208463,2,False
dataset/person_585/img_20.jpg,person_585,person_585,0.57659394,0.57659394,1,True
dataset/person_585/img_21.jpg,person_585,person_585,0.37793142,0.37793142,1,True
dataset/person_585/img_22.jpg,person_585,person_309,0.31851122,0.20855723,6,False
dataset/person_601/img_02.jpg,person_601,person_744,0.28679997,0.050172783,34,False
dataset/person_601/img_03.jpg,person_601,person_601,0.27915514,0.27915514,1,True
dataset/person_601/img_04.jpg,person_601,person_519,0.2751183,0.20076834,6,False
dataset/person_655/img_02.jpg,person_655,person_655,0.38452518,0.38452518,1,True
dataset/person_655/img_03.jpg,person_655,person_1546,0.40429446,0.37744957,2,False
dataset/person_655/img_04.jpg,person_655,person_655,0.4766643,0.4766643,1,True
dataset/person_655/img_05.jpg,person_655,person_1546,0.39771527,0.24494061,3,False
dataset/person_655/img_06.jpg,person_655,person_655,0.37297845,0.37297845,1,True
dataset/person_655/img_07.jpg,person_655,person_687,0.43297225,0.2419998,2,False
dataset/person_655/img_08.jpg,person_655,person_655,0.292266,0.292266,1,True
dataset/person_655/img_09.jpg,person_655,person_655,0.35551372,0.35551372,1,True
dataset/person_655/img_10.jpg,person_655,person_655,0.3269217,0.3269217,1,True
dataset/person_655/img_11.jpg,person_655,person_655,0.5896876,0.5896876,1,True
dataset/person_655/img_12.jpg,person_655,person_655,0.6162007,0.6162007,1,True
dataset/person_655/img_13.jpg,person_655,person_655,0.4390922,0.4390922,1,True
dataset/person_661/img_02.jpg,person_661,person_661,0.5413941,0.5413941,1,True
dataset/person_661/img_03.jpg,person_661,person_661,0.36956242,0.36956242,1,True
dataset/person_661/img_04.jpg,person_661,person_661,0.53586996,0.53586996,1,True
dataset/person_661/img_05.jpg,person_661,person_1454,0.39469385,0.35708302,3,False
dataset/person_661/img_06.jpg,person_661,person_661,0.508624,0.508624,1,True
dataset/person_661/img_07.jpg,person_661,person_1454,0.39930305,0.3202179,3,False
dataset/person_661/img_08.jpg,person_661,person_1454,0.41177806,0.24952796,6,False
dataset/person_661/img_09.jpg,person_661,person_1302,0.2608659,0.213498,5,False
dataset/person_661/img_10.jpg,person_661,person_1244,0.27084535,0.21334338,6,False
dataset/person_661/img_11.jpg,person_661,person_661,0.25794864,0.25794864,1,True
dataset/person_661/img_12.jpg,person_661,person_661,0.49199045,0.49199045,1,True
dataset/person_661/img_13.jpg,person_661,person_1563,0.2639475,0.23106626,2,False
dataset/person_661/img_14.jpg,person_661,person_661,0.28798383,0.28798383,1,True
dataset/person_687/img_02.jpg,person_687,person_687,0.7200625,0.7200625,1,True
dataset/person_687/img_03.jpg,person_687,person_687,0.48967955,0.48967955,1,True
dataset/person_687/img_04.jpg,person_687,person_1680,0.3746396,0.27986324,4,False
dataset/person_710/img_02.jpg,person_710,person_601,0.31517124,0.25532904,2,False
dataset/person_710/img_03.jpg,person_710,person_1577,0.42854065,0.36024565,4,False
dataset/person_710/img_04.jpg,person_710,person_111,0.3498243,-0.059753425,79,False
dataset/person_710/img_05.jpg,person_710,person_1546,0.30374175,0.028264647,50,False
dataset/person_710/img_06.jpg,person_710,person_710,0.44455492,0.44455492,1,True
dataset/person_710/img_07.jpg,person_710,person_687,0.276686,0.17003304,12,False
dataset/person_710/img_08.jpg,person_710,person_710,0.46482748,0.46482748,1,True
dataset/person_710/img_09.jpg,person_710,person_1334,0.42659304,0.41006055,2,False
dataset/person_710/img_10.jpg,person_710,person_311,0.3995762,0.3977238,2,False
dataset/person_710/img_11.jpg,person_710,person_710,0.4402958,0.4402958,1,True
dataset/person_710/img_12.jpg,person_710,person_1334,0.4929824,0.45527738,2,False
dataset/person_710/img_13.jpg,person_710,person_289,0.41713327,0.17946386,19,False
dataset/person_710/img_14.jpg,person_710,person_491,0.32637227,0.2826544,4,False
dataset/person_710/img_15.jpg,person_710,person_311,0.42627072,0.14611778,14,False
dataset/person_710/img_16.jpg,person_710,person_710,0.46824366,0.46824366,1,True
dataset/person_710/img_17.jpg,person_710,person_710,0.37532288,0.37532288,1,True
dataset/person_711/img_02.jpg,person_711,person_1577,0.47762066,0.17638582,9,False
dataset/person_711/img_03.jpg,person_711,person_711,0.5628158,0.5628158,1,True
dataset/person_711/img_04.jpg,person_711,person_783,0.3068589,0.2620093,3,False
dataset/person_711/img_05.jpg,person_711,person_711,0.49862602,0.49862602,1,True
dataset/person_711/img_06.jpg,person_711,person_1577,0.27835324,0.121927254,22,False
dataset/person_711/img_07.jpg,person_711,person_711,0.4076826,0.4076826,1,True
dataset/person_711/img_08.jpg,person_711,person_1577,0.42657438,0.38558623,3,False
dataset/person_711/img_09.jpg,person_711,person_711,0.5828568,0.5828568,1,True
dataset/person_711/img_10.jpg,person_711,person_1577,0.3383056,0.22860453,6,False
dataset/person_711/img_11.jpg,person_711,person_711,0.4256614,0.4256614,1,True
dataset/person_711/img_12.jpg,person_711,person_391,0.47216952,0.10557361,25,False
dataset/person_711/img_13.jpg,person_711,person_891,0.2908275,-0.019472055,73,False
dataset/person_711/img_14.jpg,person_711,person_711,0.47768334,0.47768334,1,True
dataset/person_711/img_15.jpg,person_711,person_711,0.66623414,0.66623414,1,True
dataset/person_711/img_16.jpg,person_711,person_711,0.45470658,0.45470658,1,True
dataset/person_711/img_17.jpg,person_711,person_711,0.47641927,0.47641927,1,True
dataset/person_711/img_18.jpg,person_711,person_711,0.47446513,0.47446513,1,True
dataset/person_711/img_19.jpg,person_711,person_711,0.41328228,0.41328228,1,True
dataset/person_711/img_20.jpg,person_711,person_711,0.45694655,0.45694655,1,True
dataset/person_711/img_21.jpg,person_711,person_711,0.4625813,0.4625813,1,True
dataset/person_711/img_22.jpg,person_711,person_711,0.42821527,0.42821527,1,True
dataset/person_711/img_23.jpg,person_711,person_162,0.35049498,0.22458419,4,False
dataset/person_711/img_24.jpg,person_711,person_711,0.42110947,0.42110947,1,True
dataset/person_711/img_25.jpg,person_711,person_711,0.43703446,0.43703446,1,True
dataset/person_711/img_26.jpg,person_711,person_1262,0.36228013,0.35175967,2,False
dataset/person_711/img_27.jpg,person_711,person_1382,0.3942564,0.3395862,2,False
dataset/person_711/img_28.jpg,person_711,person_711,0.4521439,0.4521439,1,True
dataset/person_711/img_29.jpg,person_711,person_527,0.37788385,0.2877705,3,False
dataset/person_711/img_30.jpg,person_711,person_711,0.4983077,0.4983077,1,True
dataset/person_711/img_31.jpg,person_711,person_1577,0.42526203,0.38701278,3,False
dataset/person_711/img_32.jpg,person_711,person_711,0.38268492,0.38268492,1,True
dataset/person_711/img_33.jpg,person_711,person_711,0.5827813,0.5827813,1,True
dataset/person_711/img_34.jpg,person_711,person_527,0.33133692,0.2467019,7,False
dataset/person_711/img_35.jpg,person_711,person_711,0.28127128,0.28127128,1,True
dataset/person_711/img_36.jpg,person_711,person_1577,0.45065692,0.18867502,11,False
dataset/person_711/img_37.jpg,person_711,person_1577,0.35442972,0.35294163,2,False
dataset/person_711/img_38.jpg,person_711,person_711,0.6119948,0.6119948,1,True
dataset/person_711/img_39.jpg,person_711,person_711,0.39746106,0.39746106,1,True
dataset/person_711/img_40.jpg,person_711,person_711,0.3737777,0.3737777,1,True
dataset/person_711/img_41.jpg,person_711,person_1577,0.4319968,0.30168277,2,False
dataset/person_711/img_42.jpg,person_711,person_1577,0.31056672,0.23239926,6,False
dataset/person_711/img_43.jpg,person_711,person_711,0.53245115,0.53245115,1,True
dataset/person_711/img_44.jpg,person_711,person_1262,0.3891784,0.27515885,5,False
dataset/person_711/img_45.jpg,person_711,person_711,0.49244624,0.49244624,1,True
dataset/person_711/img_46.jpg,person_711,person_1577,0.33225393,0.23367378,7,False
dataset/person_711/img_47.jpg,person_711,person_1577,0.39986593,0.1861412,11,False
dataset/person_711/img_48.jpg,person_711,person_1577,0.30955186,0.02673873,50,False
dataset/person_711/img_49.jpg,person_711,person_1577,0.44434944,0.3479691,2,False
dataset/person_711/img_50.jpg,person_711,person_711,0.49457762,0.49457762,1,True
dataset/person_711/img_51.jpg,person_711,person_711,0.46363539,0.46363539,1,True
dataset/person_711/img_52.jpg,person_711,person_711,0.4533112,0.4533112,1,True
dataset/person_711/img_53.jpg,person_711,person_711,0.5757936,0.5757936,1,True
dataset/person_711/img_54.jpg,person_711,person_711,0.6840615,0.6840615,1,True
dataset/person_711/img_55.jpg,person_711,person_711,0.33310518,0.33310518,1,True
dataset/person_713/img_02.jpg,person_713,person_713,0.26900142,0.26900142,1,True
dataset/person_713/img_03.jpg,person_713,person_713,0.47654188,0.47654188,1,True
dataset/person_713/img_04.jpg,person_713,person_713,0.34387562,0.34387562,1,True
dataset/person_713/img_05.jpg,person_713,person_713,0.30440846,0.30440846,1,True
dataset/person_713/img_06.jpg,person_713,person_219,0.2569684,0.20658529,4,False
dataset/person_713/img_07.jpg,person_713,person_713,0.31803945,0.31803945,1,True
dataset/person_713/img_08.jpg,person_713,person_491,0.3408689,0.23891117,7,False
dataset/person_713/img_09.jpg,person_713,person_713,0.29745704,0.29745704,1,True
dataset/person_713/img_10.jpg,person_713,person_713,0.3026845,0.3026845,1,True
dataset/person_713/img_11.jpg,person_713,person_1371,0.31700277,0.2988831,2,False
dataset/person_713/img_12.jpg,person_713,person_1244,0.47707137,0.22764948,5,False
dataset/person_744/img_02.jpg,person_744,person_744,0.7077433,0.7077433,1,True
dataset/person_744/img_03.jpg,person_744,person_744,0.69689196,0.69689196,1,True
dataset/person_744/img_04.jpg,person_744,person_744,0.4603516,0.4603516,1,True
dataset/person_744/img_05.jpg,person_744,person_711,0.28994688,0.17376597,6,False
dataset/person_744/img_06.jpg,person_744,person_744,0.6827969,0.6827969,1,True
dataset/person_744/img_07.jpg,person_744,person_744,0.38507223,0.38507223,1,True
dataset/person_744/img_08.jpg,person_744,person_744,0.65185165,0.65185165,1,True
dataset/person_744/img_09.jpg,person_744,person_744,0.55646884,0.55646884,1,True
dataset/person_744/img_10.jpg,person_744,person_744,0.5647621,0.5647621,1,True
dataset/person_744/img_11.jpg,person_744,person_744,0.5996506,0.5996506,1,True
dataset/person_744/img_12.jpg,person_744,person_744,0.6710851,0.6710851,1,True
dataset/person_744/img_13.jpg,person_744,person_744,0.62486374,0.62486374,1,True
dataset/person_744/img_14.jpg,person_744,person_744,0.630061,0.630061,1,True
dataset/person_744/img_15.jpg,person_744,person_744,0.6322377,0.6322377,1,True
dataset/person_744/img_16.jpg,person_744,person_744,0.64191633,0.64191633,1,True
dataset/person_744/img_17.jpg,person_744,person_744,0.61978173,0.61978173,1,True
dataset/person_744/img_18.jpg,person_744,person_744,0.5745275,0.5745275,1,True
dataset/person_744/img_19.jpg,person_744,person_744,0.6211289,0.6211289,1,True
dataset/person_744/img_20.jpg,person_744,person_744,0.5894474,0.5894474,1,True
dataset/person_769/img_02.jpg,person_769,person_769,0.73181486,0.73181486,1,True
dataset/person_769/img_03.jpg,person_769,person_769,0.54813164,0.54813164,1,True
dataset/person_769/img_04.jpg,person_769,person_769,0.4051323,0.4051323,1,True
dataset/person_769/img_05.jpg,person_769,person_769,0.5877195,0.5877195,1,True
dataset/person_769/img_06.jpg,person_769,person_769,0.6191162,0.6191162,1,True
dataset/person_769/img_07.jpg,person_769,person_369,0.4031814,0.38392243,2,False
dataset/person_769/img_08.jpg,person_769,person_769,0.45206338,0.45206338,1,True
dataset/person_769/img_09.jpg,person_769,person_769,0.60647166,0.60647166,1,True
dataset/person_769/img_10.jpg,person_769,person_769,0.40694404,0.40694404,1,True
dataset/person_769/img_11.jpg,person_769,person_769,0.55793524,0.55793524,1,True
dataset/person_776/img_02.jpg,person_776,person_776,0.48399174,0.48399174,1,True
dataset/person_776/img_03.jpg,person_776,person_776,0.42815837,0.42815837,1,True
dataset/person_776/img_04.jpg,person_776,person_776,0.3555275,0.3555275,1,True
dataset/person_776/img_05.jpg,person_776,person_776,0.3624599,0.3624599,1,True
dataset/person_776/img_06.jpg,person_776,person_776,0.50201476,0.50201476,1,True
dataset/person_776/img_07.jpg,person_776,person_776,0.34125245,0.34125245,1,True
dataset/person_776/img_08.jpg,person_776,person_1244,0.38759106,0.38542217,2,False
dataset/person_783/img_02.jpg,person_783,person_783,0.3802978,0.3802978,1,True
dataset/person_783/img_03.jpg,person_783,person_783,0.4257477,0.4257477,1,True
dataset/person_783/img_04.jpg,person_783,person_783,0.41267723,0.41267723,1,True
dataset/person_783/img_05.jpg,person_783,person_783,0.46339795,0.46339795,1,True
dataset/person_783/img_06.jpg,person_783,person_1192,0.3470923,0.29480344,2,False
dataset/person_783/img_07.jpg,person_783,person_783,0.4580958,0.4580958,1,True
dataset/person_785/img_02.jpg,person_785,person_785,0.53696996,0.53696996,1,True
dataset/person_785/img_03.jpg,person_785,person_785,0.6336102,0.6336102,1,True
dataset/person_785/img_04.jpg,person_785,person_1382,0.24265648,0.19802396,5,False
dataset/person_785/img_05.jpg,person_785,person_896,0.32440895,0.25510073,3,False
dataset/person_785/img_06.jpg,person_785,person_785,0.43484735,0.43484735,1,True
dataset/person_785/img_07.jpg,person_785,person_785,0.56058776,0.56058776,1,True
dataset/person_804/img_02.jpg,person_804,person_804,0.49928945,0.49928945,1,True
dataset/person_804/img_03.jpg,person_804,person_601,0.2899121,0.16887806,6,False
dataset/person_804/img_04.jpg,person_804,person_804,0.50881785,0.50881785,1,True
dataset/person_804/img_05.jpg,person_804,person_1454,0.29520327,0.21422043,6,False
dataset/person_804/img_06.jpg,person_804,person_1531,0.43042076,0.15175635,14,False
dataset/person_804/img_07.jpg,person_804,person_219,0.35275126,0.13283923,13,False
dataset/person_815/img_02.jpg,person_815,person_815,0.542076,0.542076,1,True
dataset/person_815/img_03.jpg,person_815,person_815,0.40307525,0.40307525,1,True
dataset/person_815/img_04.jpg,person_815,person_815,0.41091383,0.41091383,1,True
dataset/person_815/img_05.jpg,person_815,person_815,0.5139543,0.5139543,1,True
dataset/person_815/img_06.jpg,person_815,person_783,0.32338953,0.31303993,3,False
dataset/person_815/img_07.jpg,person_815,person_815,0.39071786,0.39071786,1,True
dataset/person_844/img_02.jpg,person_844,person_861,0.3232327,0.20914263,5,False
dataset/person_844/img_03.jpg,person_844,person_844,0.48562613,0.48562613,1,True
dataset/person_844/img_04.jpg,person_844,person_861,0.36302194,0.2614629,4,False
dataset/person_844/img_05.jpg,person_844,person_844,0.27147797,0.27147797,1,True
dataset/person_844/img_06.jpg,person_844,person_194,0.3227494,0.25026,4,False
dataset/person_844/img_07.jpg,person_844,person_861,0.308644,0.116777346,21,False
dataset/person_844/img_08.jpg,person_844,person_844,0.30473286,0.30473286,1,True
dataset/person_853/img_02.jpg,person_853,person_289,0.355065,-0.03518579,75,False
dataset/person_853/img_03.jpg,person_853,person_869,0.38054442,-0.092358515,96,False
dataset/person_853/img_04.jpg,person_853,person_935,0.4496246,-0.10420353,107,False
dataset/person_853/img_05.jpg,person_853,person_935,0.4800859,0.06879543,29,False
dataset/person_853/img_06.jpg,person_853,person_935,0.35687074,-0.04387954,82,False
dataset/person_853/img_07.jpg,person_853,person_1191,0.41829857,-0.14735779,111,False
dataset/person_853/img_08.jpg,person_853,person_853,0.93747437,0.93747437,1,True
dataset/person_853/img_09.jpg,person_853,person_935,0.426827,-0.0136617,62,False
dataset/person_853/img_10.jpg,person_853,person_374,0.39447767,-0.0004883151,50,False
dataset/person_853/img_11.jpg,person_853,person_935,0.3963037,-0.065531895,83,False
dataset/person_853/img_12.jpg,person_853,person_1191,0.4056062,0.120177016,19,False
dataset/person_853/img_13.jpg,person_853,person_815,0.352927,-0.020534698,62,False
dataset/person_853/img_14.jpg,person_853,person_935,0.5992942,0.13446018,23,False
dataset/person_853/img_15.jpg,person_853,person_815,0.3426034,0.021316256,44,False
dataset/person_853/img_16.jpg,person_853,person_935,0.36564153,0.105810635,24,False
dataset/person_853/img_17.jpg,person_853,person_1191,0.4701618,-0.010031624,62,False
dataset/person_853/img_18.jpg,person_853,person_374,0.4192025,-0.041560046,78,False
dataset/person_853/img_19.jpg,person_853,person_935,0.3810985,0.033001,46,False
dataset/person_861/img_02.jpg,person_861,person_601,0.3792026,0.25769413,3,False
dataset/person_861/img_03.jpg,person_861,person_861,0.28805277,0.28805277,1,True
dataset/person_861/img_04.jpg,person_861,person_861,0.3197075,0.3197075,1,True
dataset/person_861/img_05.jpg,person_861,person_1170,0.29229856,0.2758176,2,False
dataset/person_861/img_06.jpg,person_861,person_1352,0.38189295,0.37733448,2,False
dataset/person_861/img_07.jpg,person_861,person_661,0.5198585,0.16172823,11,False
dataset/person_861/img_08.jpg,person_861,person_861,0.35885462,0.35885462,1,True
dataset/person_869/img_02.jpg,person_869,person_1439,0.36761662,0.21296595,10,False
dataset/person_869/img_03.jpg,person_869,person_1439,0.3921082,0.27504683,4,False
dataset/person_869/img_04.jpg,person_869,person_869,0.33628267,0.33628267,1,True
dataset/person_869/img_05.jpg,person_869,person_870,0.28881314,0.25179067,3,False
dataset/person_869/img_06.jpg,person_869,person_870,0.48684376,0.3049307,4,False
dataset/person_869/img_07.jpg,person_869,person_911,0.39608455,0.300533,3,False
dataset/person_869/img_08.jpg,person_869,person_869,0.41768456,0.41768456,1,True
dataset/person_869/img_09.jpg,person_869,person_411,0.27122518,0.21591511,4,False
dataset/person_870/img_02.jpg,person_870,person_870,0.44206983,0.44206983,1,True
dataset/person_870/img_03.jpg,person_870,person_870,0.3695184,0.3695184,1,True
dataset/person_870/img_04.jpg,person_870,person_1170,0.41260064,0.22090459,8,False
dataset/person_871/img_02.jpg,person_871,person_1438,0.32539612,0.2529772,3,False
dataset/person_871/img_03.jpg,person_871,person_871,0.32562765,0.32562765,1,True
dataset/person_871/img_04.jpg,person_871,person_235,0.32348564,0.18650535,9,False
dataset/person_891/img_02.jpg,person_891,person_891,0.47093767,0.47093767,1,True
dataset/person_891/img_03.jpg,person_891,person_891,0.45290548,0.45290548,1,True
dataset/person_891/img_04.jpg,person_891,person_891,0.4546134,0.4546134,1,True
dataset/person_891/img_05.jpg,person_891,person_891,0.5701144,0.5701144,1,True
dataset/person_896/img_02.jpg,person_896,person_431,0.34213263,0.29622927,3,False
dataset/person_896/img_03.jpg,person_896,person_601,0.31371915,0.23800999,5,False
dataset/person_896/img_04.jpg,person_896,person_896,0.38619694,0.38619694,1,True
dataset/person_896/img_05.jpg,person_896,person_1572,0.3181323,0.28027415,2,False
dataset/person_896/img_06.jpg,person_896,person_1202,0.35327244,0.26789242,5,False
dataset/person_896/img_07.jpg,person_896,person_896,0.24941535,0.24941535,1,True
dataset/person_896/img_08.jpg,person_896,person_896,0.5187646,0.5187646,1,True
dataset/person_896/img_09.jpg,person_896,person_896,0.5192112,0.5192112,1,True
dataset/person_896/img_10.jpg,person_896,person_896,0.41514313,0.41514313,1,True
dataset/person_896/img_11.jpg,person_896,person_896,0.38373983,0.38373983,1,True
dataset/person_896/img_12.jpg,person_896,person_896,0.44731885,0.44731885,1,True
dataset/person_896/img_13.jpg,person_896,person_246,0.3913531,0.1692959,10,False
dataset/person_896/img_14.jpg,person_896,person_515,0.3621502,0.3112796,2,False
dataset/person_909/img_02.jpg,person_909,person_909,0.6416467,0.6416467,1,True
dataset/person_909/img_03.jpg,person_909,person_909,0.6556319,0.6556319,1,True
dataset/person_909/img_04.jpg,person_909,person_909,0.6365622,0.6365622,1,True
dataset/person_909/img_05.jpg,person_909,person_909,0.5636624,0.5636624,1,True
dataset/person_909/img_06.jpg,person_909,person_909,0.6886942,0.6886942,1,True
dataset/person_909/img_07.jpg,person_909,person_909,0.56999743,0.56999743,1,True
dataset/person_909/img_08.jpg,person_909,person_909,0.6081385,0.6081385,1,True
dataset/person_909/img_09.jpg,person_909,person_909,0.66477287,0.66477287,1,True
dataset/person_909/img_10.jpg,person_909,person_049,0.24955514,-0.1449357,113,False
dataset/person_909/img_11.jpg,person_909,person_909,0.75095665,0.75095665,1,True
dataset/person_909/img_12.jpg,person_909,person_909,0.7376818,0.7376818,1,True
dataset/person_909/img_13.jpg,person_909,person_909,0.57427967,0.57427967,1,True
dataset/person_909/img_14.jpg,person_909,person_909,0.6374127,0.6374127,1,True
dataset/person_909/img_15.jpg,person_909,person_909,0.6512261,0.6512261,1,True
dataset/person_909/img_16.jpg,person_909,person_909,0.58183604,0.58183604,1,True
dataset/person_909/img_17.jpg,person_909,person_1101,0.5448521,0.49237925,2,False
dataset/person_909/img_18.jpg,person_909,person_909,0.5776924,0.5776924,1,True
dataset/person_909/img_19.jpg,person_909,person_909,0.6150625,0.6150625,1,True
dataset/person_909/img_20.jpg,person_909,person_909,0.5803908,0.5803908,1,True
dataset/person_909/img_21.jpg,person_909,person_909,0.59266603,0.59266603,1,True
dataset/person_909/img_22.jpg,person_909,person_909,0.5688336,0.5688336,1,True
dataset/person_909/img_23.jpg,person_909,person_909,0.7085267,0.7085267,1,True
dataset/person_909/img_24.jpg,person_909,person_909,0.72781914,0.72781914,1,True
dataset/person_909/img_25.jpg,person_909,person_909,0.63028944,0.63028944,1,True
dataset/person_909/img_26.jpg,person_909,person_909,0.45997506,0.45997506,1,True
dataset/person_909/img_27.jpg,person_909,person_909,0.67120034,0.67120034,1,True
dataset/person_909/img_28.jpg,person_909,person_909,0.6792529,0.6792529,1,True
dataset/person_909/img_29.jpg,person_909,person_909,0.5235442,0.5235442,1,True
dataset/person_909/img_30.jpg,person_909,person_909,0.5511823,0.5511823,1,True
dataset/person_909/img_31.jpg,person_909,person_909,0.6482694,0.6482694,1,True
dataset/person_909/img_32.jpg,person_909,person_909,0.60441923,0.60441923,1,True
dataset/person_911/img_02.jpg,person_911,person_911,0.43666887,0.43666887,1,True
dataset/person_911/img_03.jpg,person_911,person_911,0.36901373,0.36901373,1,True
dataset/person_911/img_04.jpg,person_911,person_309,0.27088127,0.17972276,5,False
dataset/person_911/img_05.jpg,person_911,person_431,0.37425488,0.31608793,3,False
dataset/person_916/img_02.jpg,person_916,person_1018,0.40258038,0.16794677,12,False
dataset/person_916/img_03.jpg,person_916,person_916,0.31916958,0.31916958,1,True
dataset/person_916/img_04.jpg,person_916,person_861,0.3460319,0.13625906,14,False
dataset/person_916/img_05.jpg,person_916,person_040,0.28946993,0.22528443,9,False
dataset/person_924/img_02.jpg,person_924,person_924,0.33401504,0.33401504,1,True
dataset/person_924/img_03.jpg,person_924,person_515,0.48964262,0.09370208,24,False
dataset/person_924/img_04.jpg,person_924,person_785,0.35312748,0.19520466,7,False
dataset/person_924/img_05.jpg,person_924,person_1577,0.33006448,0.30113167,2,False
dataset/person_924/img_06.jpg,person_924,person_924,0.5108227,0.5108227,1,True
dataset/person_924/img_07.jpg,person_924,person_411,0.38115966,0.14380112,12,False
dataset/person_930/img_02.jpg,person_930,person_930,0.4761919,0.4761919,1,True
dataset/person_930/img_03.jpg,person_930,person_930,0.38387316,0.38387316,1,True
dataset/person_930/img_04.jpg,person_930,person_930,0.43930653,0.43930653,1,True
dataset/person_935/img_02.jpg,person_935,person_935,0.43271828,0.43271828,1,True
dataset/person_935/img_03.jpg,person_935,person_935,0.4416374,0.4416374,1,True
dataset/person_935/img_04.jpg,person_935,person_869,0.4171304,0.3244816,2,False
dataset/person_963/img_02.jpg,person_963,person_1022,0.28366715,-0.02944177,73,False
dataset/person_963/img_03.jpg,person_963,person_963,0.578329,0.578329,1,True
dataset/person_963/img_04.jpg,person_963,person_963,0.55372864,0.55372864,1,True
dataset/person_963/img_05.jpg,person_963,person_963,0.6953212,0.6953212,1,True
dataset/person_963/img_06.jpg,person_963,person_963,0.4961585,0.4961585,1,True
dataset/person_963/img_07.jpg,person_963,person_963,0.5833178,0.5833178,1,True
dataset/person_963/img_08.jpg,person_963,person_963,0.6055136,0.6055136,1,True
dataset/person_963/img_09.jpg,person_963,person_1580,0.42918393,0.3790867,2,False
dataset/person_989/img_02.jpg,person_989,person_989,0.49109697,0.49109697,1,True
dataset/person_989/img_03.jpg,person_989,person_989,0.5466676,0.5466676,1,True
dataset/person_989/img_04.jpg,person_989,person_1454,0.2860695,-0.022354413,68,False
dataset/person_989/img_05.jpg,person_989,person_989,0.47939238,0.47939238,1,True
